accession,Species,Protein sequence
XP_001702223.2,Chlamydomonas reinhardtii,MAPKKDEKPATQEAAAEAPAKAEAKPKAEKAAKKAKEPSKKAAKEPKGDGEKKDKKKKKSAVETYKLYIYKVLKQVHPDTGISSKAMSIMNSFINDIFEKVATEASKLSRYNKKPTVTSREIQTAVRLVLPGELAKHAVSEGTKAVTKFTSG
XP_001691007.1,Chlamydomonas reinhardtii,MAPKKDEKPATQEAAAEAPAKAEAKPKAEKAAKKAKKEPSKKAAKEPKGDGEKKDKKKKKSAVETYKLYIYKVLKQVHPDTGISSKAMSIMNSFINDIFEKVATEASKLSRYNKKPTVTSREIQTAVRLVLPGELAKHAVSEGTKAVTKFTSG
XP_001693722.1,Chlamydomonas reinhardtii,MAPKKDEKPATRAATQEAGAEATAKAEAKPKAEKAAKKAKKEPAKKAAKEPKGDGEKKDKKKKSAVETYKLYIYKVLKQVHPDTGISSKAMSIMNSFINDIFEKVATEASKLSRYNKKPTVTSREIQTAVRLVLPGELAKHAVSEGTKAVTKFTSG
XP_001693071.1,Chlamydomonas reinhardtii,MAPKKDEKKDAAAPEAAEPKAEKESKPKADKAAKKAKKAPAKKAAKEGGDGEKGDKKKGKKKSSVETYKLYIYKVLKQVHPDTGISSKAMSIMNSFINDIFEKVATEASKLSRYNKKPTVTSREIQTAVRLVLPGELAKHAVSEGTKAVTKFTSG
XP_001692948.1,Chlamydomonas reinhardtii,MAPKKDEKKDAAAPEAAEPKAEKESKPKADKAAKKAKKSPAKKAAKEGGDGEKGDKKKGKKKSSVETYKLYIYKVLKQVHPDTGISSKAMSIMNSFINDIFEKVATEASKLSRYNKKPTVTSREIQTAVRLVLPGELAKHAVSEGTKAVTKFTSG
XP_001691693.1,Chlamydomonas reinhardtii,MAPKKDEKSATQEAGAEAPAKAEAKPKAEKAAKKAKKEPSKKAAKEPKGDGEKKDKKKKKSAVETYKLYIYKVLKQVHPDTGISSKAMSIMNSFINDIFEKVATEASKLSRYNKKPTVTSREIQTAVRLVLPGELAKHAVSEGTKAVTKFTSG
XP_001691541.1,Chlamydomonas reinhardtii,MAPKKDEKPATAEAGAEAPAKAEAKPKAEKAGKKAKKEPAKKAAKEPKGDGEKKDKKKKKSAVETYKLYIYKVLKQVHPDTGISSKAMSIMNSFINDIFEKVATEASKLSRYNKKPTVTSREIQTAVRLVLPGELAKHAVSEGTKAVTKFTSG
XP_001696283.1,Chlamydomonas reinhardtii,MAPKKDEKPATAEAGAEAPAKADAKPKAEKAAKKAKKEPSKKAAKEPKGDGEKKDKKKKKSAVETYKLYIYKVLKQVHPDTGISSKAMSIMNSFINDIFEKVATEASKLSRYNKKPTVTSREIQTAVRLVLPGELAKHAVSEGTKAVTKFTSG
XP_042914553.1,Chlamydomonas reinhardtii,MAPKKDEKPPTQEAGAEAPAKAEAKPKAEKAAKKAKKEPSKKAAKEPKGDGEKKDKKKKKSAVETYKLYIYKVLKQVHPDTGISSKAMSIMNSFINDIFEKVATEASKLSRYNKKPTVTSREIQTAVRLVLPGELAKHAVSEGTKAVTKFTSG
XP_001700461.1,Chlamydomonas reinhardtii,MAPKKDEKPATQEAGAEAPAKAEAKPKAEKAAKKAKKEPSKKAAKEPKGDGEKKDKKKKKSAVETYKLYIYKVLKQVHPDTGISSKAMSIMNSFINDIFEKVATEASKLSRYNKKPTVTSREIQTAVRLVLPGELAKHAVSEGTKAVTKFTSG
XP_001700403.1,Chlamydomonas reinhardtii,MAPKKDEKPATQEAGAEAPAKAEAKPKAEKAAKKAKKEPSKKAAKEPKGDGAKKDKKKKKSAVETYKLYIYKVLKQVHPDTGISSKAMSIMNSFINDIFEKVATEASKLSRYNKKPTVTSREIQTAVRLVLPGELAKHAVSEGTKAVTKFTSG
XP_042914596.1,Chlamydomonas reinhardtii,MAPKRDEKPATQEAGAEAPAKAEAKPKAEKAAKKAKKEPSKKAAKEPKGDGAKKDKKKKKSAVETYKLYIYKVLKQVHPDTGISSKAMSIMNSFINDIFEKVATEASKLSRYNKKPTVTSREIQTAVRLVLPGELAKHAVSEGTKAVTKFTSG
XP_001700194.1,Chlamydomonas reinhardtii,MAPKAAEKAPAKKTPAKTAEGSKKKKKLNKAETYKVYIYKVLKQVHPDTGISSKAMSIMNSFINDIFDKMANEAVRLAQYNKKPTLTSREIQTAVRLVLPGELAKHAVSEGTKAVTKFTST
XP_001696556.1,Chlamydomonas reinhardtii,MAPKKDEKPATAEAGAEAPAKAEAKPKAEKAAKKAKKEPSKKAAKEPKGEGEKKDKKKKKSAVETYKLYIYKVLKQVHPDTGISSKAMSIMNSFINDIFEKVATEASKLSRYNKKPTVTSREIQTAVRLVLPGELAKHAVSEGTKAVTKFTSG
XP_001691162.1,Chlamydomonas reinhardtii,MAPKKDEKPATAEAGAEAPAKAEAKPKAEKAAKKAKKEPSKKAAKEPKGDGEKKDKKKKKSAVETYKLYIYKVLKQVHPDTGISSKAMSIMNSFINDIFEKVATEASKLSRYNKKPTVTSREIQTAVRLVLPGELAKHAVSEGTKAVTKFTSG
XP_001696245.1,Chlamydomonas reinhardtii,MAPKKDEKPATAEAGAEAPAKAEAKPKAEKAAKKAKKEPSKKTAKEPKGDGEKKDKKKKKSAVETYKLYIYKVLKQVHPDTGISSKAMSIMNSFINDIFEKVATEASKLSRYNKKPTVTSREIQTAVRLVLPGELAKHAVSEGTKAVTKFTSG
XP_042923653.1,Chlamydomonas reinhardtii,MAPKKDEKPPKAEKAAKKAKKEPSKKAAKEPKGDGEKKDKKKKSSAVETYKLYIYKVLKQVHPDTGISSKAMSIMNSFINDIFEKVATEASKLSRYNKKPTVTSREIQTAVRLVLPGELAKHAVSEGTKAVTKFTSG
XP_001690668.1,Chlamydomonas reinhardtii,MAPKKDEKPVTAEAGAEAPAKAEAKPKAEKAAKKAKKEPSKKAAKEPKGDGEKKDKKKKKSAVETYKLYIYKVLKQVHPDTGISSKAMSIMNSFINDIFEKVATEASKLSRYNKKPTVTSREIQTAVRLVLPGELAKHAVSEGTKAVTKFTSG
XP_005643701.1,Coccomyxa subellipsoidea,MAPKAEKKPAKKVAKTAKTGGKRKSKAKVESFKIYIYKVLKQVHPDTGISSRAISILNSFITDIFEKIATETAQLARYNKKPTVTSREIQTAVRLILPGELAKHAVSEGTKAVTKFTSA
XP_005643326.1,Coccomyxa subellipsoidea,MAPKGSQGREEARQKGHQDRQDWCKKKTKAKVESFKIYMCEVLKQAHPYTGISSWAISILNAFVTDTFGKMATETAQLARYNKKPTVASGKIQTALRLILPGKLAKHTVSEGSKAVTESTSAAITP
XP_003055512.1,Micromonas pusilla,MAKPTSKKPAKKSLKGGKKGGKKSKTETYKIYIYKVLKQVHPDTGISSKAMSIMNSFINDIFEKIATEASKLARYNKKPTVTSREIQTAVRLILPGELAKHAVSEGTKAVTKFTSA
XP_002503973.1,Micromonas sp.,MAKPTSKKPAKKTVKGAGGKAKKSKTETYKIYIYKVLKQVHPDTGISSKAMSIMNSFINDIFEKIATEASKLARYNKKPTVTSREIQTAVRLILPGELAKHAVSEGTKAVTKFTSN
XP_002501781.1,Micromonas sp.,MAKPTSKKPAKKTVAKGGSKAKKSKTETYKIYIYKVLKQVHPDTGISSKAMSIMNSFINDIFEKIATEASKLARYNKKPTVTSREIQTAVRLILPGELAKHAVSEGTKAVTKFTSN
XP_001419128.1,Ostreococcus lucimarinus,MAKKPAQKKPSGAKKVGRKSKSETYKIYIYKVLKQVHPDTGISSKAMSIMNSFINDIFEKIATEAAKLARYNKKPTVTSREIQTAVRLILPGELAKHAVSEGTKAVTKFTSA
XP_002948472.1,Volvox carteri,MAPKAAEKAPAKKTPAKTAEGSKKKKKINKAETYKVYIYKVLKQVHPDTGISSKAMSIMNSFINDIFDKMANEAVRLAQYNKKPTLTSREIQTAVRLVLPGELAKHAVSEGTKAVTKFTSS
XP_002955481.1,Volvox carteri,MAPKNVKEEKQEKAEAVEPKAEAKPKKEKAPKKEKKAPAKKAAKEPSAAGDDGDKKAKKKAKVSKSETYKLYIYKVLKQVHPDTGISSKAMSIMNSFINDIFEKVATEASKLSRYNKKPTVTSREIQTAVRLVLPGELAKHAVSEGTKAVTKFTSA
XP_002946213.1,Volvox carteri,MAPKGKKADAAGAEAKPDPSELKAEPVSEGKADAKPKKEKKAAGKKAAKDSGAGEEVEKKGKKKAKVAKSETYKLYIYKVLKQVHPDTGISSKAMSIMNSFINDIFEKVATEASRLSRYNKKPTVTSREIQTAVRLVLPGELAKHAVSEGTKAVTKFTAS
XP_002946194.1,Volvox carteri,MAPKNVKEEKVEEKAEAGAAAKAKAEAKAKAAKPAKKEKKAPAKKAAKEPSAGGEGEGDKKAKKKAKVAKSETYKLYIYKVLKQVHPDTGISSKAMSIMNSFINDIFEKVATEASKLSRYNKKPTVTSREIQTAVRLVLPGELAKHAVSEGTKAVTKFTSS
XP_002946193.1,Volvox carteri,MAPKNVKEEKAEEKAEAGAAAKAEAKAKAAKPAKKEKKAPAKKAAKEPSAGGEGEGDKKAKKKAKVAKSETYKLYIYKVLKQVHPDTGISSKAMSIMNSFINDIFEKVATEASKLSRYNKKPTVTSREIQTAVRLVLPGELAKHAVSEGTKAVTKFTSS
XP_002951705.1,Volvox carteri,MAPKKDEKAAAPAADAPEVKVEAKPKKARVPKKEKKAPAKKVAKEPAAGGEEGDKKAKKKAKVAKSETYKLYIYKVLKQVHPDTGISSKAMSIMNSFINDIFEKVATEASKLSRYNKKPTVTSREIQTAVRLVLPGELAKHAVSEGTKAVTKFTSS
XP_002947842.1,Volvox carteri,MAPKKDEKTASQPADAEPKAEAKPKETKVKKEKKAPAKKAAKEPAAGGEEGDKKAKKKTKVSKSETYKLYIYKVLKQVHPDTGISSKAMSIMNSFINDIFEKVATEASRLSRYNKKPTVTSREIQTAVRLVLPGELAKHAVSEGTKAVTKFTSA
XP_002948276.1,Volvox carteri,MAPKKDEKTASQPADAAEPKADAKPKAAKVKKEKKAPAKKAAKEPVAGSEEGEKKAKKKAKVAKSETYKLYIYKVLKQVHPDTGISSKAMSVMNSFINDIFEKVATEASRLSRYNKKPTVTSREIQTAVRLVLPGELAKHAVSEGTKAVTKFTSA
XP_002948133.1,Volvox carteri,MAKKDEKTASQPADAAEPKADAKPKAAKVKKEKKAPAKKTAKEPVAGGEEGDKKAKKKAKVAKSETYKLYIYKVLKQVHPDTGISSKAMSIMNSFINDIFEKVATESSRLSRYNKKPTVTSREIQTAVRLVLPGELAKHAVSEGTKAVTKFTSA
XP_002956800.1,Volvox carteri,MAPKTKEEKPASEAVEPKAEAKPKAEKAPKKKEKKAPAKKSAKEPAAGDAAEGDKKKKKAKVAKSETYKLYIYKVLKQVHPDTGISSKAMSIMNSFINDIFEKVATEASKLSRYNKKPTVTSREIQTAVRLVLPGELAKHAVSEGTKAVTKFTSA
XP_002947412.1,Volvox carteri,MAPKKEEKPASQAAEAPEVKAEAKPKAVKAPKKKEKKAPAKKVAKEPSAGGEDGDKKSKKKAKVAKSETYKLYIYKVLKQVHPDTGISSKAMSIMNSFINDIFEKVATEASKLSRYNKKPTVTSREIQTAVRLVLPGELAKHAVSEGTKAVTKFTSA
