Sequence name in figure,Species,Protein sequence,accession
Cru11530,Capsella rubella,MAPRKPKVVSVTKKKTVVEETVKVTVAEGGDPNVTTEITENDQETQDLTFSIPVGENVTTVEVPVEVLDERSPQPPETPASTSEGTLKKKTNEVEKKQEKKKKKNKKRDDLAGDEYRRYVYKVLKQVHPDLGITSKAMTVVNMFMGDMFERIAQEAARLSDYTKRRTLSSREIESAVRLVLPGELSRHAVAEGSKAISNYVSYDSRKL,XP_006306103.1
Cagra.4395,Capsella grandiflora,MAPRKPKVVSVTKKKTVVEETVKVTVAEGGDPNVTTEITENDQETQDLTFSIPVGENVTTVEVPVEVLGERSPQPPETPVSTSEGTLKKKTNEVEKKQEKKKKKNKKRDDLAGDEYRRYVYKVLKQVHPDLGITSKAMTVVNMFMGDMFERIAQEAARLSDYTKRRTLSSREIESAVRLVLPGELSRHAVAEGSKAISNYVSYDSRKL,HISTDB_H2B_S_0
Bst19s0128,Boechera stricta,MAPRKPKVVSVTKKKKVVEETVKVTVTEGGDPNATTEITENDQETQDLTFSIPVGENVTTVEIPVEVRDEQSPQPPETPASTSEGIVKKKTKKVEKKQAKKKKKKKRDDLAGDEYRRYVYKVMKQVHPDLGITSKAMTVVNMFMGDMFERIAQEAARLGDYTKRRTLSSREIEAAVRLVLPGELSRHAVAEGSKAISNYVAYDSRKR,HISTDB_H2B_S_1
AL1G18580,Arabidopsis lyrata,MAPRKPKVVSVTKKKKVVEETIKVTVTEGEDPCVTTETANDQETQDLTFSIPVGENVTTVEIPVEVRDEQSPQPPETPASKSEGTLKKTDTVEKKKKKKKKKKRDDLAGDEYRRYVYKVMKQVHPDLGITSKAMTVVNMFMGDMFERIAQEAARLSDYTKRKTLSSREIEAAVRLVLPGELSRHAVAEGSKAVSNYVGYGSRKR,XP_002892444.1
AT1G08170,Arabidopsis thaliana,MAPRKPKVVSVTKKKKVVEETIKVTVTEEGDPCVITETANDQETQDLTFSIPVGENVTTVEIPVEVPDERSLPVGENVTTVKIPVDDRDESSPQPPETPVEVRDEPSPQPPETPASKSEGTLKKTDKVEKKQENKKKKKKKKRDDLAGDEYRRYVYKVMKQVHPDLGITSKAMTVVNMFMGDMFERIAQEAARLSDYTKRRTLSSREIEAAVRLVLPGELSRHAVAEGSKAVSNFVGYDSRKR,NP_172295.1
Esa08775,Eutrema salsugineum,MAPRREKKVVSVTKKKKVVEETLKVTVTDGDPNVITETQTQDEETQDLTFSIPVEENVTTVEIPVDVRDDQSPQAPETPAPVSEGTVKEAHKVEKKQSKKKKKKMMKRGDLAGDHEYKRYVYKVMKQVHPELGITSKAMSVINTFMGDMFERIAEEAARLSDHTKRRTLSSREIEAAVRLVLPGELSRHAVSEGAKAISNYVAYGAKKR,XP_006417719.1
Bol041191,Brassica oleracea capitata,MAPKKSKKVVSVTKKKKVVEETIKVTVTDGVPNVTTETDTQETQELETQDLPLSIPVEEENVTRVEIPVDVGDDRSPPPSETVTPASEGTVKETHKVEIPVDVRDDRSPQPPETPAPASEVPSKETHKVEEKEGNKKKKMLKKRNKNRSEVAGDEYKRYVYKVMKQVHPDLGISSKAMTVINMFMGDMFERLAVEAAKLNDYSKRRTLSSREIEAAVRLVLPGELSRHAVAEGSKAISNFVAYGAKKR,CAF1924216.1
Brara.F005,Brassica rapa,MAPRKSKKVVSVTKKKKVVEETIKVTVTDGVPNVTTNTDTQETQYLETQELDTQELETQDLPFSLPLEEENVTRVEIPVDVGYDRSPPPPETVAPASEGTVKETHKVEIPVEFGDDRSPQPPETPAPASEVPAKETHKVEEKQGNKKTTSKKRKKNRSEVAGDEYKRYVYKVMKQVHPDLGISSKAMTVINMFMGDMFERLAVEAAKLNDYSKRRTLSSREIEAAVRLVLPGELSRHAVAEGSKAVSNFVAYGAKKR,RID57103.1
Nco018457,Nymphaea colorata,MGPRRSGRLVGSVVKETKVVEETVKVVADVDDLSSLEPSAISAGIIREIPVVEIKESKTPQKKVEPEAAPFPLEKKQKGIEAKEVEEKEQKGHVDQKKERKPQELNRRRKRLRRNEEGGVGAYRSYVYKVLKQVHPELGISSKAMDVLNGFMGDMFERLAEEAATLQKHTGRRTLSSREIQMAVRLVLPGELGKHAISEGSKAITNYYRYPEKKRR,XP_031483632.1
Aco1G1215,Aquilegia coerulea,MAPKRSQKKVIGSLVRKTNKVVEETVNITVVEKTKGAEAGNKETEQEETAISTKDPVSTPGEKQQKEQPKKGVGKQLKLEAPTQKKEETKSKKNEKSTTTTTTTTSSAKEGEEKKGKKSGRKRMLDTGETYNTYVYKVLKQVHPDLGITFKGMMVLNGFMNDMFERLAREASKLTDYTGKKTMSAREIQGAVRLVLPGELGKHAIVEGTKAITTYFSNSS,PIA54901.1
Fve01119,Fragaria vesca,MSPKRRSSSRLVVKTTKQVVKETVEVSVVRSKKRQKKVNDDEQQEPVESTIAFETKKENQTEKIEVSVEKDPAKRAIESQEETQIAEEDKEPEEIRTIPVEVPGMETPEKLRGATLSVDKDEEPKEPSTVLDDKEPVSNDVVTETQLDSDETQNFEEDGEQARTISMDSQEGSETQNFEETPMTPEKKEVNQSSKVEKEKSDDVKQTGDGEKKDKKRKRRSPGNKREGGKGYKRYVYKVFKQVHPELGMSAKAMVVLNNYMNDMFERLAGEAAKLTMYTSRKTLSSREIQGAVKLVLPGELGKHAMAEGTKAVSNYLSKNAAMSHKS,XP_004295898.2
Cpa3062,Carica papaya,MAPKRSTRLLALKTTQKIIEKVEVSVVPSSGREQEITDVAVQKSPVKVIPVEEKSRKTVRIPVEETPSLKTIPVKTPEKEQETIDDQEPVTTSEEVAADNEQEQEKEEETDQTQEGITSSEPAGTTKEEKVEKRPSRRGRPRRRRKKKKGSDEGNYKGYKRYVFKVLKQVHPELAISSKAMVIINGFMNDMFERLADEAANLSRYSHKATLSSKEIQGAVRLVLPGELSKHATAEGSKAVTNYMSFPLHNS,XP_021901556.1
Spo0G01024,Spirodela polyrhiza,MVRTTRKVVQETIEVSVVKEKDATAGRKKVVEVKVQDTTEMPQPQAEAFEGEREGEAAVEEKSAATGEKEAEEAGVQEKKEQRQPPQVETISREMVETAAAPEGEKHAVEKTRQREDETPPALESEQQPPQIGEERKSVEEHEEKKKEKVEGDLRAEEAASGKEKEETKSAMRRRRRKRAGRDVGGFGGKRGYKRYVFRVLKQVHPELRVSSMAMTVLDSLVKDMFERLAGEASRLSKYSGRATLSTREIQAAVRLVLPRELGEHALAEGNKAVANFMTAATAKPSS,HISTDB_H2B_S_2
Vvi3144700,Vitis vinifera,MAPKRSGKTRSKVVVKATRKVVQQTVEVTVLASKQKPPREEQGKKISKKDKAPEELQREQVSADEEPPKELPTPVTQEEPPKKEEEKKTTTTQEGREEKKRGRRRRRRTSGRRRKEGGEGYKRYVYRVLKQVHPGLGVSSKAMTVLSGFMNDMFERIAEEAAKLSKYTGKTTLSAREIQGAVKLVLPGELQKHAMAEGTKAVSNYMDYAAAGGHKQ,XP_002272312.1
Pahal.B019,Panicum hallii,MAPKRRSGGKVVGSVVKTKVVQETVEVTTAFVADGEPGQRATEDLALAPPAVDASGGSRSRVVHIEVTTPDGDTTTGGSNAKQATSKRGRGGRREEEKPAPPAEEAAQEPPVAQSQETQDPNEEQEEEEDAGKKKKKKKPPQQELQDEEPPETPRVASERKTAAAKRTPQQQQKRGGGGAGGGDKTKTTKAKKGGRRRLGQASPGGDAGMGGVGGYKRYVWRVLKQVHPELGVSGNAMRVLDMMMADMFERLADEAARLSKVSGRATLSSREVQSAVRLVLPGELSRHAMSEGTKAISKYMSYDA,PAN11031.1
Pvi02673,Panicum virgatum,MAPKRRGGGKVVGSVVKTKVVQETVEVTTAVVPDGEPEQRGTEALALAPPAVDVSGGSRRVVHIEVTTPDGDATTGGSNAKKQATSKRGRRGGRREEEKPAPPAEEAAQEPPVAQSQETQDPNEEQEEEVEEDARKKKKRKPPPPPQERQDEEPPETPRVASERKAAAAKTTPQQQKKRGGGDKARAKKGGQRRRRLGQASPGGDAGMGGVGGYKRYVWRVLKQVHPELGVSGLAMRVLDMMMADMFERLADEAARLSKASGRATLSSREVQSAVRLVLPGELGRHAMSEGTKAISKYMSYDA,HISTDB_H2B_S_3
Svi2G14190,Setaria viridis,MAPKRRSSGKVVGSVVKTKVVQETVEVTTAIVADGEPEQQLAPGALALAPRTGEVSRSKVVHVEITTPDSDNTTGRSSAKQQPTAKRGRGGRREEEKPPAPAEEAAQEPPPQSLETQEPNEEEEEDVDVSKKRRKPPPQQRRRDEEEPETPRVASERKTTGTKTTPQKQKKRGGGGGGGGKAKTGRRRRLGEASPGGDAGMGGMGGYKRYVWRVLKQVHPELGVSGHAMRVLDMMMADMFERLADEAARLSKAAGRATLSSREVQSAVRLVLPGELGRHAMSEGTKAISKYMSYDDT,XP_034583365.1
Sit2G13670,Setaria italica,MAPKRRSSGKVVGSVVKTKVVQETVEVTTAIVADGEPEQQLAPGALALAPRTGEVSRSKVVHVEITTPDSDNTTGRSSAKQQPTAKRGRGGRREEEKPPAPAEEAAQEPPPQSLETQEPNEEEEEEDVDVSKKRRKPPPQQRRRDEEEPETPRVASERKTAGTKTTPQKQKKRGGGGGGGGKAKTGRRRRLGEASPGGDAGMGGMGGYKRYVWRVLKQVHPELGVSGHAMRVLDMMMADMFERLADEAARLSKAAGRATLSSREVQSAVRLVLPGELGRHAMSEGTKAISKYMSYDDA,XP_022680431.1
Zm008582,Zea mays,MAPKRRGNKVVGSVVKTKLVQETVEVIVADDDGLHAEKQQVPEALALAHPTVDVSGSTVVHVVEVTAKRGRGGGGGGGGGRRNEGKPPPEEDSAAVPVPQSQETQDPNEELEFELEDEEEKQPETPRVASEKRKKAATPTKKTKTQQPRRRRQRLGQASSGGDAGMGGVGGYRRYVWRVLKQVHPDLGVSGHAMQVLDMMMADMFERLAEEAARLSKATGRATLTSREVQSAVRLVLPGELGRHAISEGTKAISKYMSYAA,HISTDB_H2B_S_4
Zm442555,Zea mays,MAPKRRGNKVVGSVVKTKLVQETVEVIVADDDGLHAEKQQVPEALALAHPTVDVSGSTVVHVVEVTAKRGRGGGGGGGGGGRRNEGKPPPEEDSAAVPVPQSQETQDPNEELEFELEDEEEKQPETPRVASEKRKKAATPTKKTKTQQPRRRRQRLGQASSGGDAGMGGVGGYRRYVWRVLKQVHPDLGVSGHAMQVLDMMMADMFERLAEEAARLSKATGRATLTSREVQSAVRLVLPGELGRHAISEGTKAISKYMSYAA,XP_008670031.1
Sbi2G13800,Sorghum bicolor,MAPKRRGNKVVGSVVKTKVVQETVEVIVADDDDTAEAEQQMVPEALAVAPSAVDVSGSTVVHVVEVTTPDGGDNATGSNVKQPAVAKRGRGRREEEKEKQPAPPEDSVLVPQSQETQDPNEEEEDQEDASKKKKQKQKQRQQDEDDEAQPETPRVASERKKATPKKAKAKAQPQQQAGGGGDAGKKRPKARRRLGQASAGGDAGMGGVGGYKRYVWRVLKQVHPDLGVSGHAMQVLDMMMADMFERLADEAARLSKATGRMTLTSREVQSAVRLVLPGDLGKHAIAEGTKAISKYMSYA,XP_002462010.1
Osa9g39730,Oryza sativa,MAPKQKEAANKKKKKKEVAVLVKTKTKVVQLTTTTAELELEPTVTVQVDDNKTGAAADETPPVVPLQSQETQDPNEPKAAAAKKKKRAGHGRKRSRRRRGGALEYGGYKRYVWRVLKQVHPDLGASAQTMDVLDMMMADMFERLADEASRLSKLSGRLTLTSREVQSAVRLVLPADLANHAISEGTKAISNYLS,XP_015612586.1
Brs05G2246,Brachypodium stacei,MAPKRRGKQVVSSVVRKTTKVVKETVQVSTAAIVADDSTHPEYTEPEVVDMSTPATVVKHVEITTTSDGDQAADAGATTVNKSPDKQPAEANQAPQPAVASLQSQETQDPNEEAAAAEAPQTEKPQQEIVVVSTKAPEPEEKITKKQHPEAPETPKQEAGAGTTGGKEKAAAAPKKKKARRGRGPVGDMGMMGGGYKRYVYRVLKQVHPDMGASGRAMEVLDMMMGDMFERLADEAARLAKVARRATLSSREVQSAVRLVLPGELAKHAISEGTKAVTSYMSLA,HISTDB_H2B_S_5
Bdi4g38800,Brachypodium distachyon,MAPKRRVKKVVSSVVRKKTTKVVQETVQVSTAILPDDSAQPEPEVVVDVSTPATVVKHVEVTSDVGDDQATAAGATAVNNKPPQSKSPDKPADDNQATAPAVPSLQSQETQTQDPNEKKKTPQQEIVVVTTKGPPGLEPEEKTKKLQPDAPETPKQAGGAGTGGKDEAAAPKKKKKKKKKKRKARRGGGRRRGPVGDMGMMGGGYKRYVYRVLKQVHPDMGASGRAMEVLDMMMGDMFERLADEAARLAKVAGRATLSSREVQNAVRLVLPGELAKHAISEGTKAVTSYMSLA,XP_014757906.1
Aco009323,Ananas comosus,MAPRKPRKMVGAVVKTTAKVVEETVKVAPVVGVGDGDGDGDGAEEVEEAAVPLKDSKVVQVVVVGGEKGDGEVPEANDGRDEPEKRKEAMEVDENQAPKETGEESKRRGRGRPLKERGPETPTEKSEIPPANKKKEKDRGGRSEGEAEEGKGRRRRRRKRRFGSAGDAGSGGVGGYKRYVFRVLKQVHPELGASARAMQVLDMMMADMFQRLAEEAARLSKYTGRATLTSREIQNAVRLVLPGELGRHAVSEGTKAVTNYMASQSS,XP_020113371.1
Lda18450,Lilium davidii,MAPKKKPSKLVGTVTKTRKVTETQTLKVSLTKGLKPEDQQTTTNKFEVSVTGKQSKTQPLIVSTNTNLVPKKEKEESPTTTLMVKKKRKNRKAGGEYKRYVYMVLKTVHPDMTVSSKAMMVMEGMMQDMFERLVTEAVRLVQYMKKATLTCREIQTAVMLVLPGELGKHAVSEGAKAITNYMAAVGSGNGGAA,CUT18450.1
Mac19680,Musa acuminata,MAPKRTSRVLKTTKTVIEETVEVVVEAKDAQGPKEDLGEGKEAEPEGRQQAEEEEPSREKEAEPPFEKSIIQQEETAGEGKEAESITDKETQEEAAAVDKRFSGGDGGEMDGTGRGYKRYVFRVLKHVHPGMGISSRAMVVLDGMMGDMFERLAGEASRLSTYTGKATLSSREIQGAVRLVLPGELGKRAISEGTKAVSNYMAADRHEQQ,HISTDB_H2B_S_6
Gma12G0827,Glycine max,MAPKRAEKLVVRSTKKVVESSVLVSVVGKRLTRGKKDTQTTDGEEEVGSQEHLVVIPIQEVTPQAQKDSPNSAITTENKAEQENNTQDGGVENNQEEEEEHEEVKEKKNKAKTPKGKNGKEKKRGRKKGRRSVEGYQRYVYRVLKQVHPEMGISSKCMTVLNNLMNDMFERLAFEASKLKDYTGHMTLSSREIQGAVRLVLPGELGKHAIAEGVKAVNNYTSYDA,XP_003539797.1
Gma11G1916,Glycine max,MAPKRAEKLVVRSTKKVVESIVQVSVVGKRLTQVIPQAQKVSPNSDITTENKAEQENNTHQDGGVQNQEEEQKGVVNEEAKEEKNKSKTAKEQNGKEKKRGRKKRNIEGYQRYVYGVLKQVHPEMGISSKCMTALNNLMNDMFERLTFEVSKLTDYTGHMTLSSREIQGVVRLVLPGELEKHAIAEGVKAVNNYTSYDA,KAH1159328.1
Pvu11G0875,Phaseolus vulgaris,MAPKRAQKLVVRSTKKVVESSVQVSVVSSSSRKRQTRGNKDNIQTEEAVGEEKHVMVIPIQEGNPQAQKDSSTSAMTNENKGEQENSVQDDGVQNEEKKKKGENEEVKEEKKGRFPKGSNGKEKKLGKKKGRRSAEGYQRYVYRVLKQVHPEMGISSKCMTILNNLMNDMFERLAGEASKLKDYTGHMTLSSREIQGAVKLVLPGELGKHAIAEGVKAVNNFTSYDA,XP_007132352.1
Tpa32366,Trifolium pratense,MAPKRANKKMVVRSTRKVVEESVQVSVVSSNKRSTRANKDNEIDKDVGSDHDQREEHVRIIPVQEVTPSAKEDSNASTTTFTTEDKTNQENTPNEATMEPKESENKKVKNKEGNYGKEKRKRKRVRRMGEGYQRYVYRVLKQVHPDMGISFKAMTILNNLMNDMFEKLADEAAKLTTYIGHMTLSSREIQGAVKLVLPGELGKHAIAEGAKAVTNYISSYGA,XP_045802699.1
Mtr2g08448,Medicago truncatula,MAPKSAKKVVVRSTRKVVQESVQVSVVSSHKRSTRGNNKDVEIDKDAGNATQQEHVRIIPVQEVTSQTKEDTNTNTNTTTVTSEDTTNQENTPNDATMEPKTPLSNKEQEKKVRTKEGGNDGKGKRKKKRGRRMGEGYQRYVYRVLKQVHPQMGISSQAMTILNNLMNDMFEKLADEAAKLTAYTKHMTLTSREIQGAVKLVLPGELGKHAIAEGAKAVTNYVSYVA,XP_013464866.1
Ahy016191,Amaranthus hypochondriacus,MAPKKTARKVVKTTKIVEETVEVVSIPGSQSQQNPTQIQTELISERKEEQSSITTKSIPIQESDHDDQDEEETETQDQDHPDLSTPPRKEAPPRQVEPKPEPKGKGEGGGEGYKRYVFRVLKQVHPGMGISSRAMIVINNFMNDMFERIAEEGSRLNKQNKKMTMSAREIQGAVKLVLPGELGKHAVAEGAKAVTNYVNFGFHKK,HISTDB_H2B_S_7
Mgu2535,Mimulus guttatus,MAPKKRPGRAKKTVVTSTKVVEETVKVVVTPGGSGGEDDDNDNNESVEMISSSTKQNTENVEIFTSSPEKEHVLRTIPVEDKEEQIPAPDIVPQEQDEDETQPYSEPETASTPPRKEAPPPKSSEPLETPPPAEKRETRKKKFQEKAKEAGQEKKATTEKLRPKRRRRSVAGAGAGESYKRYVFKVMKQVHPEMGISSKAMTIVNNLMTDMFERFAEEAARLQKYTGRKTMSSREVQGAVKLVLPGELGKHAVAEGAKAVTNYVSYVPKS,XP_012838320.1
DCAR_00613,Daucus carota,MAPKKSPKKKAVGAVVKTTTKVIQETVQVSVIQTKPKPQQETPQTENNKNGPKDIEIQDVTTPTPTPKKATKTIPTQDTAKKTKKDSAQGATKKRKRSVEGYKRYVYKVLKQVHPDIGISSKAMTIVNNLMTDMFERLADEAARLTKYTKKMTLSSREIQGAVKLVLPGELGKHAVAEGAKAVTNYVQYASGPSKP,XP_017234272.1
Mdo126901,Malus domestica,MAPKRSAKMVVKTTKRVVKEMVEVSVVKTRRKKQQEDRPLETISVENNDSNQTQNVEVSVGKEPLKTSIIPIETLEQVIPIETQAENQTLKTQNAEVQVDREAEENPTTPDPQETEKLSKEEEQKSEEDKTLRGGENKDAEDLTKTEEQASKKGEKKSEVKGGKRREKRRSRGREEYKTYVYKVLKQVHPGMGVSSKAMTVLNNLMNDMFEKLADEAARLTTYTARKTLSSREIQGAVKLVLTGELGRHAMAEGTKAVSTYVSYGGGSSKS,XP_008359166.3
Ppe6G11430,Prunus persica,MAPKRSTKTVVKTTKQVVRETVQVSSVVQSKRRKKQSEDSGDQTRKPVKTIKTISIETQEENQTQNVEISEPLKTRRIPIQTEEENQILKGQNAEAITTLTSDQKEAAAEEEEEGEGEKKEDQEDTVETSITSDEKEDEQKSEEVKTLEGEKEDSMETNTTSDEREEEEEETTKKEEHKSDEVKTQKGGKKSSEKKRKRKRRERGRGEEYKIYVHRVLKQVHPGMGVSSKGMTVLNNLMNDMFERLADEAARLTKYTARKTLSSREIQAAVKLVLPGELGRHAMAEGTKAVSTYVSNNNGRQSKS,ONI00968.1
Stu0007131,Solanum tuberosum,MAPKKRGGRARATVVTARKVVEETVSVVVSGETETESQTLTEENQSFEILTPLPYEEPTPKRTINVQDKSEGKKAQQRKPDPAQQVDEVETQPADEPEEMPSPPKKEAVRKKAQKRKPDPAQRVDEDETQPAEEPEEMPTPPKMEADQKKAQKAKGGGGERKKKRAKVGGGVGPSEGYRRYVFRVMKQVHPDMGISSKAMMILNNLMGDMFERIANEAAILTKYAGRATLASVDIQDAVKLVLPGELGKHAIAEGTKAVANYVTSVEKSKSKP,XP_006347209.1
Sly06g7475,Solanum lycopersicum,MAPKKRGGRVRATVVTARKVVEETVSVVVTPVAGETETESQTLAEENQSFEILTPAPSEEPTPKRTINVQDISEGKKAPRRKPDPAQQVDEDETQPADEPEEMPSPPKKESGQKKTQKRKPEPAQRGDEDETQPSEEPEEMPTPPKMEADQRKAQKRKPDPAQKAKGGGERKKKRAKVGGGVGPSEGYRRYVFRVMKQVHPDMGISSKAMTVLNNLMGDMFERIANEAAILTKYVGRTTLASVDIQDAVKLVLPGELGKHAIAEGTNAVANYVTNVEKSKSKP,XP_004241294.1
Ccl29880,Citrus clementina,MPPRRSARVVLTKKVVTETVEVSVVNEKKKGKQEIAIHSEETLPSKTITVEDKEEGKRTTVEVPIEEPEPPTEPEAEPSSSVAAEAATPAKKEEKKTSIETSPEPEHDVAASAEQEEPPEQSKNKEKEKPNEAQKTAQQEARAAHEKPGSKKRKRRKRNEGTGEEYKTYVFRVLKQVHPGMAISSKAMTVINNLMNDMFERIAGEAATLSKHCHRTTMSSREIQGAVKLVLPGELGKHAVAEGTKAVTNYTSYDAKRSKA,ESR37664.1
Csi48093,Citrus sinensis,MPPRRSARVVLTKKVVEETVQVSVVNEKKKKGKREIAIHSEETLPSKTITVEDKEEGKHTTVEVPIEEPEPPTEPEAEPSSSVAAEAATPAKKEEKKTSIETSPEPEHDVAASAEQEEPPEQSKNKEKEKPNEAQKTAQQEARAAHEKPGSKKRKRRKRNEGTGEEYKTYVFRVLKQVHPGMAISSKAMTVINNLMNDMFERIAGEAATLSKHCHRTTMSSREIQGAVKLVLPGELGKHAVAEGTKAVTNYTSYDAKRSKA,KDO60308.1
Lus41351,Linum usitatissimum,MAPRRRSAGRVVGVVRSTRKVVKETVEVSILAGDTQETTPEDNTEDINLLDTEELIDVVTPEAGVKLQEDATTTSTVRTIPVEDAGPEREEELVISEDRQFEDAKPKKEEKKAPEKEKKVNKKKRKSRFVEGGEGYRRYVYKVMKQVHPDMKISGVAMSIINSLMKDMFERIADEAATLSRYSKRMTISSKEIQDAVKLVLPGELGKHAVAEGSKAVANYASYSHNK,HISTDB_H2B_S_8
Mes11G1534,Manihot esculenta,MAPKGKRGKKKVLGTVLRSSKRVIKETVKIAVFEGDTQESTQEDQNGDTEELPENEPLVVRTIPVEERVEEEEEAQTIEVSVKKPKEEKRKQEKIETHEEKQEPAKTTKTKKRTQEEKGQEKKRRRRRRRGVEEGGEGYKRYVFRVLKQVHPELRISSMAMSVINSLMKDMFERIADEAAKLSQHSHKMTLSSREIQGAVKLVLPGELGRHAIAEGSKAVTNYMSYEAKGSKA,XP_021629190.1
Gra06G1039,Gossypium raimondii,MAPKRRAKVVVRSTKKIVKETVQVAVIDKTEGDNNGDQQQLDTVPLEDIEEAGERVITEIPIQGSTEDKAEKEPRKVEAPGQKNRVQGEEKTEPVHEEEEPRKEEKKGKRKRGKKKELVGHEGYKTYVFRVLKQVHPGMAISSKAMSVINSLMNDMFEKITNEATKLSQYTDRKTLSSREIQGAVRLVLPGELGKHAVAEGSKAVTNYASYDIKRSKLV,XP_012484989.1
Pn17.121,Piper nigrum,MASTRQGRRNTPEVVSTVVKKKTTRKVVNETTIAAVAVVESNEPPIVKTVPVEEESSDSVINVEAGKTPPKEVPIARPRSDAAKGTNQRKDGAATIAETQQPPEKPREEKHAMEEVKKGTKRRKGERKVEEKKRKRRKKRWSYNEEMSGYSRYVFRVLKQVHPDLAISSKAMAVLNAFVWDMFERLAGEAGKLADYTRRATLSSREIQDAVRLVLPGELGKHAISEGSKAVTNYVHALGSWRRPALQYGRHEEERRQRKCRQDRVTSVFGFGFEVLGLRISFLFATLRTAPGGRKHGVQPT,HISTDB_H2B_S_9
Pn11.487,Piper nigrum,MASTRQGRRNTPEVVSTVVKKKTTRKVVNETTIAAVAVVESNEPPIVKTVPVEEESSDSVINVEAGKTPPKEVPIARPRSDAAKGTNQRKDGAATIAETQQPPEKLREEKHAMEEVKKGSKRRKGERKEGEKKRKRRKKRWSYNEEMSGYSRYVFRVLKQVHPDLAISSKAMAVLNAFVWDMFERLAGEAGKLADYTRRATLSSREIQDAVRLVLPGELGKHAISEGSKAVTNYVTNDD,HISTDB_H2B_S_10
Cbr8606,Chara braunii,MWNLLRMPPGQWSSRSAASSLPRQNGVVGVRRGRSAAVVVLEDSGDGDANGIGIGTGIANGNGNGKDMNRRMEKGGALGTSTATGMMKESSAKKKGGGSGSGAGSELGSEPGSEPGTGPGAGRHKGSPSGVAKGLPMMWPTQRTGYVTPKKKERVTRAKKKAISGSRRTARKTNAFQPSFATHIRRVLKQVHPNLSITCDGIDIMNDFLIDIFERIAGEAALLIRVHKRCTLTCREIMAAVQLVLGGELSKHAIHLATEVLTLFSQ,GBG60584.1
Cbr32230,Chara braunii,MAEGGYPLEAVAGDICGTSMDPLDPSGTVRRRSPRGDGPDDQGVGRDQQSDQMHLPAEEQRKSDTQSVVLSRQSTPQQAESAKLPANYPEVEIGADRKASKRSKTQKKRTAAAENVPGTVPGETRPGGKKESGSRPEGKNKGRRRRKRTTLIVPSGRTYKIYIYKVLKEIHPELAISSQGMSIMNSFMVDVCERIAAEASRLSRHAKRATLSSRDIQSAVQLCLPGELAVNAMSEAKKAVIKFIRHGKASERRNIIIKSNRFYLINKMIVI,GBG59214.1
